hub_name              , hub_latitude      , hub_longitude     , type   , power_kw
Berlin_Alt_Tempelhof  , 52.4646125151953  , 13.388223710995032, AC     ,       22
Berlin_Alt_Tempelhof  , 52.4646125151953  , 13.388223710995032, AC     ,       22
Berlin_Alt_Tempelhof  , 52.4646125151953  , 13.388223710995032, AC     ,       22
Berlin_Alt_Tempelhof  , 52.4646125151953  , 13.388223710995032, AC     ,       22
Berlin_Alt_Tempelhof  , 52.4646125151953  , 13.388223710995032, AC     ,       22
Berlin_Alt_Tempelhof  , 52.4646125151953  , 13.388223710995032, AC     ,       22
Berlin_Alt_Tempelhof  , 52.4646125151953  , 13.388223710995032, AC     ,       22
Berlin_Alt_Tempelhof  , 52.4646125151953  , 13.388223710995032, AC     ,       22
Berlin_Alt_Tempelhof  , 52.4646125151953  , 13.388223710995032, AC     ,       22
Berlin_Alt_Tempelhof  , 52.4646125151953  , 13.388223710995032, AC     ,       22
Berlin_Alt_Tempelhof  , 52.4646125151953  , 13.388223710995032, AC     ,       22
Berlin_Alt_Tempelhof  , 52.4646125151953  , 13.388223710995032, AC     ,       22
Berlin_Alt_Tempelhof  , 52.4646125151953  , 13.388223710995032, CCS    ,       50
Berlin_Alt_Tempelhof  , 52.4646125151953  , 13.388223710995032, CCS    ,       50
Berlin_Alt_Tempelhof  , 52.4646125151953  , 13.388223710995032, CCS    ,       50
Berlin_Alt_Tempelhof  , 52.4646125151953  , 13.388223710995032, CCS    ,       50
Berlin_Alt_Tempelhof  , 52.4646125151953  , 13.388223710995032, CCS    ,       50
Berlin_Alt_Tempelhof  , 52.4646125151953  , 13.388223710995032, CHAdeMO,       50
Berlin_Alt_Tempelhof  , 52.4646125151953  , 13.388223710995032, CHAdeMO,       50
Berlin_Danzinger      , 52.53509759863703 , 13.435022846763642, AC     ,       22
Berlin_Danzinger      , 52.53509759863703 , 13.435022846763642, AC     ,       22
Berlin_Danzinger      , 52.53509759863703 , 13.435022846763642, AC     ,       22
Berlin_Danzinger      , 52.53509759863703 , 13.435022846763642, AC     ,       22
Berlin_Danzinger      , 52.53509759863703 , 13.435022846763642, AC     ,       22
Berlin_Danzinger      , 52.53509759863703 , 13.435022846763642, AC     ,       22
Berlin_Danzinger      , 52.53509759863703 , 13.435022846763642, AC     ,       22
Berlin_Danzinger      , 52.53509759863703 , 13.435022846763642, AC     ,       22
Berlin_Danzinger      , 52.53509759863703 , 13.435022846763642, AC     ,       22
Berlin_Danzinger      , 52.53509759863703 , 13.435022846763642, AC     ,       22
Berlin_Danzinger      , 52.53509759863703 , 13.435022846763642, AC     ,       22
Berlin_Danzinger      , 52.53509759863703 , 13.435022846763642, AC     ,       22
Berlin_Danzinger      , 52.53509759863703 , 13.435022846763642, AC     ,       22
Berlin_Danzinger      , 52.53509759863703 , 13.435022846763642, AC     ,       22
Berlin_Danzinger      , 52.53509759863703 , 13.435022846763642, CCS    ,      150
Berlin_Danzinger      , 52.53509759863703 , 13.435022846763642, CCS    ,      150
Berlin_Danzinger      , 52.53509759863703 , 13.435022846763642, CCS    ,      150
Berlin_Danzinger      , 52.53509759863703 , 13.435022846763642, CCS    ,      150
Berlin_Danzinger      , 52.53509759863703 , 13.435022846763642, CCS    ,      150
Berlin_Danzinger      , 52.53509759863703 , 13.435022846763642, CCS    ,      150
Berlin_Danzinger      , 52.53509759863703 , 13.435022846763642, CHAdeMO,       50
Berlin_Danzinger      , 52.53509759863703 , 13.435022846763642, CHAdeMO,       50
Berlin_Danzinger      , 52.53509759863703 , 13.435022846763642, CHAdeMO,       50
Berlin_Friedhof       , 52.522543010402096, 13.445789583992775, AC     ,       11
Berlin_Friedhof       , 52.522543010402096, 13.445789583992775, AC     ,       11
Berlin_Friedhof       , 52.522543010402096, 13.445789583992775, AC     ,       11
Berlin_Friedhof       , 52.522543010402096, 13.445789583992775, AC     ,       11
Berlin_Friedhof       , 52.522543010402096, 13.445789583992775, AC     ,       11
Berlin_Friedhof       , 52.522543010402096, 13.445789583992775, AC     ,       11
Berlin_Friedhof       , 52.522543010402096, 13.445789583992775, AC     ,       11
Berlin_Friedhof       , 52.522543010402096, 13.445789583992775, AC     ,       11
Berlin_Friedhof       , 52.522543010402096, 13.445789583992775, AC     ,       11
Berlin_Friedhof       , 52.522543010402096, 13.445789583992775, AC     ,       11
Berlin_Friedhof       , 52.522543010402096, 13.445789583992775, AC     ,       11
Berlin_Friedhof       , 52.522543010402096, 13.445789583992775, AC     ,       11
Berlin_Friedhof       , 52.522543010402096, 13.445789583992775, CCS    ,      150
Berlin_Friedhof       , 52.522543010402096, 13.445789583992775, CCS    ,      150
Berlin_Friedhof       , 52.522543010402096, 13.445789583992775, CCS    ,      150
Berlin_Friedhof       , 52.522543010402096, 13.445789583992775, CCS    ,      150
Berlin_Friedhof       , 52.522543010402096, 13.445789583992775, CCS    ,      150
Berlin_Friedhof       , 52.522543010402096, 13.445789583992775, CHAdeMO,       50
Berlin_Friedhof       , 52.522543010402096, 13.445789583992775, CHAdeMO,       50
Berlin_Hansaplatz     , 52.51750935945468 , 13.341545784718322, AC     ,       11
Berlin_Hansaplatz     , 52.51750935945468 , 13.341545784718322, AC     ,       11
Berlin_Hansaplatz     , 52.51750935945468 , 13.341545784718322, AC     ,       11
Berlin_Hansaplatz     , 52.51750935945468 , 13.341545784718322, AC     ,       11
Berlin_Hansaplatz     , 52.51750935945468 , 13.341545784718322, AC     ,       11
Berlin_Hansaplatz     , 52.51750935945468 , 13.341545784718322, AC     ,       11
Berlin_Hansaplatz     , 52.51750935945468 , 13.341545784718322, AC     ,       11
Berlin_Hansaplatz     , 52.51750935945468 , 13.341545784718322, AC     ,       11
Berlin_Hansaplatz     , 52.51750935945468 , 13.341545784718322, AC     ,       11
Berlin_Hansaplatz     , 52.51750935945468 , 13.341545784718322, AC     ,       11
Berlin_Hansaplatz     , 52.51750935945468 , 13.341545784718322, AC     ,       11
Berlin_Hansaplatz     , 52.51750935945468 , 13.341545784718322, AC     ,       11
Berlin_Hansaplatz     , 52.51750935945468 , 13.341545784718322, AC     ,       11
Berlin_Hansaplatz     , 52.51750935945468 , 13.341545784718322, CCS    ,      350
Berlin_Hansaplatz     , 52.51750935945468 , 13.341545784718322, CCS    ,      350
Berlin_Hansaplatz     , 52.51750935945468 , 13.341545784718322, CCS    ,      350
Berlin_Hansaplatz     , 52.51750935945468 , 13.341545784718322, CCS    ,      350
Berlin_Hansaplatz     , 52.51750935945468 , 13.341545784718322, CCS    ,      350
Berlin_Hansaplatz     , 52.51750935945468 , 13.341545784718322, CHAdeMO,       50
Berlin_Hansaplatz     , 52.51750935945468 , 13.341545784718322, CHAdeMO,       50
Berlin_Hansaplatz     , 52.51750935945468 , 13.341545784718322, CHAdeMO,       50
Berlin_Heinrich_Heine , 52.50922563749993 , 13.41189205624736 , AC     ,       22
Berlin_Heinrich_Heine , 52.50922563749993 , 13.41189205624736 , AC     ,       22
Berlin_Heinrich_Heine , 52.50922563749993 , 13.41189205624736 , AC     ,       22
Berlin_Heinrich_Heine , 52.50922563749993 , 13.41189205624736 , AC     ,       22
Berlin_Heinrich_Heine , 52.50922563749993 , 13.41189205624736 , AC     ,       22
Berlin_Heinrich_Heine , 52.50922563749993 , 13.41189205624736 , AC     ,       22
Berlin_Heinrich_Heine , 52.50922563749993 , 13.41189205624736 , AC     ,       22
Berlin_Heinrich_Heine , 52.50922563749993 , 13.41189205624736 , AC     ,       22
Berlin_Heinrich_Heine , 52.50922563749993 , 13.41189205624736 , AC     ,       22
Berlin_Heinrich_Heine , 52.50922563749993 , 13.41189205624736 , AC     ,       22
Berlin_Heinrich_Heine , 52.50922563749993 , 13.41189205624736 , AC     ,       22
Berlin_Heinrich_Heine , 52.50922563749993 , 13.41189205624736 , AC     ,       22
Berlin_Heinrich_Heine , 52.50922563749993 , 13.41189205624736 , AC     ,       22
Berlin_Heinrich_Heine , 52.50922563749993 , 13.41189205624736 , AC     ,       22
Berlin_Heinrich_Heine , 52.50922563749993 , 13.41189205624736 , AC     ,       22
Berlin_Heinrich_Heine , 52.50922563749993 , 13.41189205624736 , AC     ,       22
Berlin_Heinrich_Heine , 52.50922563749993 , 13.41189205624736 , AC     ,       22
Berlin_Heinrich_Heine , 52.50922563749993 , 13.41189205624736 , AC     ,       22
Berlin_Heinrich_Heine , 52.50922563749993 , 13.41189205624736 , AC     ,       22
Berlin_Heinrich_Heine , 52.50922563749993 , 13.41189205624736 , AC     ,       22
Berlin_Heinrich_Heine , 52.50922563749993 , 13.41189205624736 , AC     ,       22
Berlin_Heinrich_Heine , 52.50922563749993 , 13.41189205624736 , AC     ,       22
Berlin_Heinrich_Heine , 52.50922563749993 , 13.41189205624736 , CCS    ,      150
Berlin_Heinrich_Heine , 52.50922563749993 , 13.41189205624736 , CCS    ,      150
Berlin_Heinrich_Heine , 52.50922563749993 , 13.41189205624736 , CCS    ,      150
Berlin_Heinrich_Heine , 52.50922563749993 , 13.41189205624736 , CCS    ,      150
Berlin_Heinrich_Heine , 52.50922563749993 , 13.41189205624736 , CCS    ,      150
Berlin_Heinrich_Heine , 52.50922563749993 , 13.41189205624736 , CCS    ,      150
Berlin_Heinrich_Heine , 52.50922563749993 , 13.41189205624736 , CCS    ,      150
Berlin_Heinrich_Heine , 52.50922563749993 , 13.41189205624736 , CCS    ,      150
Berlin_Heinrich_Heine , 52.50922563749993 , 13.41189205624736 , CCS    ,      150
Berlin_Heinrich_Heine , 52.50922563749993 , 13.41189205624736 , CHAdeMO,       50
Berlin_Heinrich_Heine , 52.50922563749993 , 13.41189205624736 , CHAdeMO,       50
Berlin_Heinrich_Heine , 52.50922563749993 , 13.41189205624736 , CHAdeMO,       50
Berlin_Heinrich_Heine , 52.50922563749993 , 13.41189205624736 , CHAdeMO,       50
Berlin_Hospital       , 52.52697133560569 , 13.385101438189707, AC     ,       22
Berlin_Hospital       , 52.52697133560569 , 13.385101438189707, AC     ,       22
Berlin_Hospital       , 52.52697133560569 , 13.385101438189707, AC     ,       22
Berlin_Hospital       , 52.52697133560569 , 13.385101438189707, AC     ,       22
Berlin_Hospital       , 52.52697133560569 , 13.385101438189707, AC     ,       22
Berlin_Hospital       , 52.52697133560569 , 13.385101438189707, AC     ,       22
Berlin_Hospital       , 52.52697133560569 , 13.385101438189707, AC     ,       22
Berlin_Hospital       , 52.52697133560569 , 13.385101438189707, AC     ,       22
Berlin_Hospital       , 52.52697133560569 , 13.385101438189707, AC     ,       22
Berlin_Hospital       , 52.52697133560569 , 13.385101438189707, AC     ,       22
Berlin_Hospital       , 52.52697133560569 , 13.385101438189707, AC     ,       22
Berlin_Hospital       , 52.52697133560569 , 13.385101438189707, AC     ,       22
Berlin_Hospital       , 52.52697133560569 , 13.385101438189707, AC     ,       22
Berlin_Hospital       , 52.52697133560569 , 13.385101438189707, AC     ,       22
Berlin_Hospital       , 52.52697133560569 , 13.385101438189707, AC     ,       22
Berlin_Hospital       , 52.52697133560569 , 13.385101438189707, AC     ,       22
Berlin_Hospital       , 52.52697133560569 , 13.385101438189707, AC     ,       22
Berlin_Hospital       , 52.52697133560569 , 13.385101438189707, AC     ,       22
Berlin_Hospital       , 52.52697133560569 , 13.385101438189707, AC     ,       22
Berlin_Hospital       , 52.52697133560569 , 13.385101438189707, AC     ,       22
Berlin_Hospital       , 52.52697133560569 , 13.385101438189707, AC     ,       22
Berlin_Hospital       , 52.52697133560569 , 13.385101438189707, AC     ,       22
Berlin_Hospital       , 52.52697133560569 , 13.385101438189707, AC     ,       22
Berlin_Hospital       , 52.52697133560569 , 13.385101438189707, AC     ,       22
Berlin_Hospital       , 52.52697133560569 , 13.385101438189707, CCS    ,      150
Berlin_Hospital       , 52.52697133560569 , 13.385101438189707, CCS    ,      150
Berlin_Hospital       , 52.52697133560569 , 13.385101438189707, CCS    ,      150
Berlin_Hospital       , 52.52697133560569 , 13.385101438189707, CCS    ,      150
Berlin_Hospital       , 52.52697133560569 , 13.385101438189707, CCS    ,      150
Berlin_Hospital       , 52.52697133560569 , 13.385101438189707, CCS    ,      150
Berlin_Hospital       , 52.52697133560569 , 13.385101438189707, CCS    ,      150
Berlin_Hospital       , 52.52697133560569 , 13.385101438189707, CCS    ,      150
Berlin_Hospital       , 52.52697133560569 , 13.385101438189707, CCS    ,      150
Berlin_Hospital       , 52.52697133560569 , 13.385101438189707, CCS    ,      150
Berlin_Hospital       , 52.52697133560569 , 13.385101438189707, CHAdeMO,       50
Berlin_Hospital       , 52.52697133560569 , 13.385101438189707, CHAdeMO,       50
Berlin_Hospital       , 52.52697133560569 , 13.385101438189707, CHAdeMO,       50
Berlin_Hospital       , 52.52697133560569 , 13.385101438189707, CHAdeMO,       50
Berlin_Hospital       , 52.52697133560569 , 13.385101438189707, CHAdeMO,       50
Berlin_Humboldthain   , 52.54669711971525 , 13.38956712738749 , AC     ,       11
Berlin_Humboldthain   , 52.54669711971525 , 13.38956712738749 , AC     ,       11
Berlin_Humboldthain   , 52.54669711971525 , 13.38956712738749 , AC     ,       11
Berlin_Humboldthain   , 52.54669711971525 , 13.38956712738749 , AC     ,       11
Berlin_Humboldthain   , 52.54669711971525 , 13.38956712738749 , AC     ,       11
Berlin_Humboldthain   , 52.54669711971525 , 13.38956712738749 , AC     ,       11
Berlin_Humboldthain   , 52.54669711971525 , 13.38956712738749 , AC     ,       11
Berlin_Humboldthain   , 52.54669711971525 , 13.38956712738749 , AC     ,       11
Berlin_Humboldthain   , 52.54669711971525 , 13.38956712738749 , AC     ,       11
Berlin_Humboldthain   , 52.54669711971525 , 13.38956712738749 , AC     ,       11
Berlin_Humboldthain   , 52.54669711971525 , 13.38956712738749 , AC     ,       11
Berlin_Humboldthain   , 52.54669711971525 , 13.38956712738749 , AC     ,       11
Berlin_Humboldthain   , 52.54669711971525 , 13.38956712738749 , AC     ,       11
Berlin_Humboldthain   , 52.54669711971525 , 13.38956712738749 , AC     ,       11
Berlin_Humboldthain   , 52.54669711971525 , 13.38956712738749 , AC     ,       11
Berlin_Humboldthain   , 52.54669711971525 , 13.38956712738749 , AC     ,       11
Berlin_Humboldthain   , 52.54669711971525 , 13.38956712738749 , AC     ,       11
Berlin_Humboldthain   , 52.54669711971525 , 13.38956712738749 , AC     ,       11
Berlin_Humboldthain   , 52.54669711971525 , 13.38956712738749 , AC     ,       11
Berlin_Humboldthain   , 52.54669711971525 , 13.38956712738749 , AC     ,       11
Berlin_Humboldthain   , 52.54669711971525 , 13.38956712738749 , CCS    ,      150
Berlin_Humboldthain   , 52.54669711971525 , 13.38956712738749 , CCS    ,      150
Berlin_Humboldthain   , 52.54669711971525 , 13.38956712738749 , CCS    ,      150
Berlin_Humboldthain   , 52.54669711971525 , 13.38956712738749 , CCS    ,      150
Berlin_Humboldthain   , 52.54669711971525 , 13.38956712738749 , CCS    ,      150
Berlin_Humboldthain   , 52.54669711971525 , 13.38956712738749 , CCS    ,      150
Berlin_Humboldthain   , 52.54669711971525 , 13.38956712738749 , CCS    ,      150
Berlin_Humboldthain   , 52.54669711971525 , 13.38956712738749 , CCS    ,      150
Berlin_Humboldthain   , 52.54669711971525 , 13.38956712738749 , CHAdeMO,       50
Berlin_Humboldthain   , 52.54669711971525 , 13.38956712738749 , CHAdeMO,       50
Berlin_Humboldthain   , 52.54669711971525 , 13.38956712738749 , CHAdeMO,       50
Berlin_Humboldthain   , 52.54669711971525 , 13.38956712738749 , CHAdeMO,       50
Berlin_Innenstadt     , 52.50745494624957 , 13.462726833449745, AC     ,       22
Berlin_Innenstadt     , 52.50745494624957 , 13.462726833449745, AC     ,       22
Berlin_Innenstadt     , 52.50745494624957 , 13.462726833449745, AC     ,       22
Berlin_Innenstadt     , 52.50745494624957 , 13.462726833449745, AC     ,       22
Berlin_Innenstadt     , 52.50745494624957 , 13.462726833449745, AC     ,       22
Berlin_Innenstadt     , 52.50745494624957 , 13.462726833449745, AC     ,       22
Berlin_Innenstadt     , 52.50745494624957 , 13.462726833449745, AC     ,       22
Berlin_Innenstadt     , 52.50745494624957 , 13.462726833449745, CCS    ,      150
Berlin_Innenstadt     , 52.50745494624957 , 13.462726833449745, CCS    ,      150
Berlin_Innenstadt     , 52.50745494624957 , 13.462726833449745, CCS    ,      150
Berlin_Innenstadt     , 52.50745494624957 , 13.462726833449745, CHAdeMO,       50
Berlin_Linden         , 52.5147360586684  , 13.388161564352696, AC     ,       22
Berlin_Linden         , 52.5147360586684  , 13.388161564352696, AC     ,       22
Berlin_Linden         , 52.5147360586684  , 13.388161564352696, AC     ,       22
Berlin_Linden         , 52.5147360586684  , 13.388161564352696, AC     ,       22
Berlin_Linden         , 52.5147360586684  , 13.388161564352696, AC     ,       22
Berlin_Linden         , 52.5147360586684  , 13.388161564352696, AC     ,       22
Berlin_Linden         , 52.5147360586684  , 13.388161564352696, AC     ,       22
Berlin_Linden         , 52.5147360586684  , 13.388161564352696, AC     ,       22
Berlin_Linden         , 52.5147360586684  , 13.388161564352696, AC     ,       22
Berlin_Linden         , 52.5147360586684  , 13.388161564352696, AC     ,       22
Berlin_Linden         , 52.5147360586684  , 13.388161564352696, AC     ,       22
Berlin_Linden         , 52.5147360586684  , 13.388161564352696, AC     ,       22
Berlin_Linden         , 52.5147360586684  , 13.388161564352696, AC     ,       22
Berlin_Linden         , 52.5147360586684  , 13.388161564352696, AC     ,       22
Berlin_Linden         , 52.5147360586684  , 13.388161564352696, AC     ,       22
Berlin_Linden         , 52.5147360586684  , 13.388161564352696, AC     ,       22
Berlin_Linden         , 52.5147360586684  , 13.388161564352696, AC     ,       22
Berlin_Linden         , 52.5147360586684  , 13.388161564352696, AC     ,       22
Berlin_Linden         , 52.5147360586684  , 13.388161564352696, AC     ,       22
Berlin_Linden         , 52.5147360586684  , 13.388161564352696, AC     ,       22
Berlin_Linden         , 52.5147360586684  , 13.388161564352696, AC     ,       22
Berlin_Linden         , 52.5147360586684  , 13.388161564352696, AC     ,       22
Berlin_Linden         , 52.5147360586684  , 13.388161564352696, AC     ,       22
Berlin_Linden         , 52.5147360586684  , 13.388161564352696, AC     ,       22
Berlin_Linden         , 52.5147360586684  , 13.388161564352696, AC     ,       22
Berlin_Linden         , 52.5147360586684  , 13.388161564352696, CCS    ,      150
Berlin_Linden         , 52.5147360586684  , 13.388161564352696, CCS    ,      150
Berlin_Linden         , 52.5147360586684  , 13.388161564352696, CCS    ,      150
Berlin_Linden         , 52.5147360586684  , 13.388161564352696, CCS    ,      150
Berlin_Linden         , 52.5147360586684  , 13.388161564352696, CCS    ,      150
Berlin_Linden         , 52.5147360586684  , 13.388161564352696, CCS    ,      150
Berlin_Linden         , 52.5147360586684  , 13.388161564352696, CCS    ,      150
Berlin_Linden         , 52.5147360586684  , 13.388161564352696, CCS    ,      150
Berlin_Linden         , 52.5147360586684  , 13.388161564352696, CCS    ,      150
Berlin_Linden         , 52.5147360586684  , 13.388161564352696, CCS    ,      150
Berlin_Linden         , 52.5147360586684  , 13.388161564352696, CHAdeMO,       50
Berlin_Linden         , 52.5147360586684  , 13.388161564352696, CHAdeMO,       50
Berlin_Linden         , 52.5147360586684  , 13.388161564352696, CHAdeMO,       50
Berlin_Linden         , 52.5147360586684  , 13.388161564352696, CHAdeMO,       50
Berlin_Linden         , 52.5147360586684  , 13.388161564352696, CHAdeMO,       50
Berlin_Memhardstr     , 52.52534559487113 , 13.413988712755264, AC     ,       22
Berlin_Memhardstr     , 52.52534559487113 , 13.413988712755264, AC     ,       22
Berlin_Memhardstr     , 52.52534559487113 , 13.413988712755264, AC     ,       22
Berlin_Memhardstr     , 52.52534559487113 , 13.413988712755264, AC     ,       22
Berlin_Memhardstr     , 52.52534559487113 , 13.413988712755264, AC     ,       22
Berlin_Memhardstr     , 52.52534559487113 , 13.413988712755264, AC     ,       22
Berlin_Memhardstr     , 52.52534559487113 , 13.413988712755264, AC     ,       22
Berlin_Memhardstr     , 52.52534559487113 , 13.413988712755264, AC     ,       22
Berlin_Memhardstr     , 52.52534559487113 , 13.413988712755264, AC     ,       22
Berlin_Memhardstr     , 52.52534559487113 , 13.413988712755264, AC     ,       22
Berlin_Memhardstr     , 52.52534559487113 , 13.413988712755264, AC     ,       22
Berlin_Memhardstr     , 52.52534559487113 , 13.413988712755264, AC     ,       22
Berlin_Memhardstr     , 52.52534559487113 , 13.413988712755264, AC     ,       22
Berlin_Memhardstr     , 52.52534559487113 , 13.413988712755264, AC     ,       22
Berlin_Memhardstr     , 52.52534559487113 , 13.413988712755264, AC     ,       22
Berlin_Memhardstr     , 52.52534559487113 , 13.413988712755264, AC     ,       22
Berlin_Memhardstr     , 52.52534559487113 , 13.413988712755264, AC     ,       22
Berlin_Memhardstr     , 52.52534559487113 , 13.413988712755264, AC     ,       22
Berlin_Memhardstr     , 52.52534559487113 , 13.413988712755264, AC     ,       22
Berlin_Memhardstr     , 52.52534559487113 , 13.413988712755264, AC     ,       22
Berlin_Memhardstr     , 52.52534559487113 , 13.413988712755264, AC     ,       22
Berlin_Memhardstr     , 52.52534559487113 , 13.413988712755264, AC     ,       22
Berlin_Memhardstr     , 52.52534559487113 , 13.413988712755264, CCS    ,      150
Berlin_Memhardstr     , 52.52534559487113 , 13.413988712755264, CCS    ,      150
Berlin_Memhardstr     , 52.52534559487113 , 13.413988712755264, CCS    ,      150
Berlin_Memhardstr     , 52.52534559487113 , 13.413988712755264, CCS    ,      150
Berlin_Memhardstr     , 52.52534559487113 , 13.413988712755264, CCS    ,      150
Berlin_Memhardstr     , 52.52534559487113 , 13.413988712755264, CCS    ,      150
Berlin_Memhardstr     , 52.52534559487113 , 13.413988712755264, CCS    ,      150
Berlin_Memhardstr     , 52.52534559487113 , 13.413988712755264, CCS    ,      150
Berlin_Memhardstr     , 52.52534559487113 , 13.413988712755264, CCS    ,      150
Berlin_Memhardstr     , 52.52534559487113 , 13.413988712755264, CHAdeMO,       50
Berlin_Memhardstr     , 52.52534559487113 , 13.413988712755264, CHAdeMO,       50
Berlin_Memhardstr     , 52.52534559487113 , 13.413988712755264, CHAdeMO,       50
Berlin_Memhardstr     , 52.52534559487113 , 13.413988712755264, CHAdeMO,       50
Berlin_Neukölln       , 52.481834641032414, 13.436749639315533, AC     ,       11
Berlin_Neukölln       , 52.481834641032414, 13.436749639315533, AC     ,       11
Berlin_Neukölln       , 52.481834641032414, 13.436749639315533, AC     ,       11
Berlin_Neukölln       , 52.481834641032414, 13.436749639315533, AC     ,       11
Berlin_Neukölln       , 52.481834641032414, 13.436749639315533, AC     ,       11
Berlin_Neukölln       , 52.481834641032414, 13.436749639315533, AC     ,       11
Berlin_Neukölln       , 52.481834641032414, 13.436749639315533, AC     ,       11
Berlin_Neukölln       , 52.481834641032414, 13.436749639315533, AC     ,       11
Berlin_Neukölln       , 52.481834641032414, 13.436749639315533, AC     ,       11
Berlin_Neukölln       , 52.481834641032414, 13.436749639315533, AC     ,       11
Berlin_Neukölln       , 52.481834641032414, 13.436749639315533, AC     ,       11
Berlin_Neukölln       , 52.481834641032414, 13.436749639315533, CCS    ,      350
Berlin_Neukölln       , 52.481834641032414, 13.436749639315533, CCS    ,      350
Berlin_Neukölln       , 52.481834641032414, 13.436749639315533, CCS    ,      350
Berlin_Neukölln       , 52.481834641032414, 13.436749639315533, CCS    ,      350
Berlin_Neukölln       , 52.481834641032414, 13.436749639315533, CHAdeMO,       50
Berlin_Neukölln       , 52.481834641032414, 13.436749639315533, CHAdeMO,       50
Berlin_Potsdamer_Platz, 52.50699          , 13.379179         , AC     ,       22
Berlin_Potsdamer_Platz, 52.50699          , 13.379179         , AC     ,       22
Berlin_Potsdamer_Platz, 52.50699          , 13.379179         , AC     ,       22
Berlin_Potsdamer_Platz, 52.50699          , 13.379179         , AC     ,       22
Berlin_Potsdamer_Platz, 52.50699          , 13.379179         , AC     ,       22
Berlin_Potsdamer_Platz, 52.50699          , 13.379179         , AC     ,       22
Berlin_Potsdamer_Platz, 52.50699          , 13.379179         , AC     ,       22
Berlin_Potsdamer_Platz, 52.50699          , 13.379179         , AC     ,       22
Berlin_Potsdamer_Platz, 52.50699          , 13.379179         , AC     ,       22
Berlin_Potsdamer_Platz, 52.50699          , 13.379179         , AC     ,       22
Berlin_Potsdamer_Platz, 52.50699          , 13.379179         , AC     ,       22
Berlin_Potsdamer_Platz, 52.50699          , 13.379179         , AC     ,       22
Berlin_Potsdamer_Platz, 52.50699          , 13.379179         , AC     ,       22
Berlin_Potsdamer_Platz, 52.50699          , 13.379179         , AC     ,       22
Berlin_Potsdamer_Platz, 52.50699          , 13.379179         , AC     ,       22
Berlin_Potsdamer_Platz, 52.50699          , 13.379179         , AC     ,       22
Berlin_Potsdamer_Platz, 52.50699          , 13.379179         , AC     ,       22
Berlin_Potsdamer_Platz, 52.50699          , 13.379179         , AC     ,       22
Berlin_Potsdamer_Platz, 52.50699          , 13.379179         , AC     ,       22
Berlin_Potsdamer_Platz, 52.50699          , 13.379179         , AC     ,       22
Berlin_Potsdamer_Platz, 52.50699          , 13.379179         , AC     ,       22
Berlin_Potsdamer_Platz, 52.50699          , 13.379179         , AC     ,       22
Berlin_Potsdamer_Platz, 52.50699          , 13.379179         , AC     ,       22
Berlin_Potsdamer_Platz, 52.50699          , 13.379179         , CCS    ,       50
Berlin_Potsdamer_Platz, 52.50699          , 13.379179         , CCS    ,       50
Berlin_Potsdamer_Platz, 52.50699          , 13.379179         , CCS    ,       50
Berlin_Potsdamer_Platz, 52.50699          , 13.379179         , CCS    ,       50
Berlin_Potsdamer_Platz, 52.50699          , 13.379179         , CCS    ,       50
Berlin_Potsdamer_Platz, 52.50699          , 13.379179         , CCS    ,       50
Berlin_Potsdamer_Platz, 52.50699          , 13.379179         , CCS    ,       50
Berlin_Potsdamer_Platz, 52.50699          , 13.379179         , CCS    ,       50
Berlin_Potsdamer_Platz, 52.50699          , 13.379179         , CCS    ,       50
Berlin_Potsdamer_Platz, 52.50699          , 13.379179         , CHAdeMO,       50
Berlin_Potsdamer_Platz, 52.50699          , 13.379179         , CHAdeMO,       50
Berlin_Potsdamer_Platz, 52.50699          , 13.379179         , CHAdeMO,       50
Berlin_Potsdamer_Platz, 52.50699          , 13.379179         , CHAdeMO,       50
Berlin_Potsdamer_Platz, 52.50699          , 13.379179         , CHAdeMO,       50
Berlin_Prenzlauer_Berg, 52.53170643660855 , 13.46256343246444 , AC     ,       11
Berlin_Prenzlauer_Berg, 52.53170643660855 , 13.46256343246444 , AC     ,       11
Berlin_Prenzlauer_Berg, 52.53170643660855 , 13.46256343246444 , AC     ,       11
Berlin_Prenzlauer_Berg, 52.53170643660855 , 13.46256343246444 , AC     ,       11
Berlin_Prenzlauer_Berg, 52.53170643660855 , 13.46256343246444 , AC     ,       11
Berlin_Prenzlauer_Berg, 52.53170643660855 , 13.46256343246444 , AC     ,       11
Berlin_Prenzlauer_Berg, 52.53170643660855 , 13.46256343246444 , CCS    ,       50
Berlin_Prenzlauer_Berg, 52.53170643660855 , 13.46256343246444 , CCS    ,       50
Berlin_Prenzlauer_Berg, 52.53170643660855 , 13.46256343246444 , CCS    ,       50
Berlin_Prenzlauer_Berg, 52.53170643660855 , 13.46256343246444 , CHAdeMO,       50
Berlin_Rehberge       , 52.55636183306088 , 13.341788974482336, AC     ,       11
Berlin_Rehberge       , 52.55636183306088 , 13.341788974482336, AC     ,       11
Berlin_Rehberge       , 52.55636183306088 , 13.341788974482336, AC     ,       11
Berlin_Rehberge       , 52.55636183306088 , 13.341788974482336, AC     ,       11
Berlin_Rehberge       , 52.55636183306088 , 13.341788974482336, AC     ,       11
Berlin_Rehberge       , 52.55636183306088 , 13.341788974482336, AC     ,       11
Berlin_Rehberge       , 52.55636183306088 , 13.341788974482336, AC     ,       11
Berlin_Rehberge       , 52.55636183306088 , 13.341788974482336, AC     ,       11
Berlin_Rehberge       , 52.55636183306088 , 13.341788974482336, AC     ,       11
Berlin_Rehberge       , 52.55636183306088 , 13.341788974482336, CCS    ,      350
Berlin_Rehberge       , 52.55636183306088 , 13.341788974482336, CCS    ,      350
Berlin_Rehberge       , 52.55636183306088 , 13.341788974482336, CCS    ,      350
Berlin_Rehberge       , 52.55636183306088 , 13.341788974482336, CHAdeMO,       50
Berlin_Rehberge       , 52.55636183306088 , 13.341788974482336, CHAdeMO,       50
Berlin_Remise         , 52.52769913977769 , 13.325960271110288, AC     ,       22
Berlin_Remise         , 52.52769913977769 , 13.325960271110288, AC     ,       22
Berlin_Remise         , 52.52769913977769 , 13.325960271110288, AC     ,       22
Berlin_Remise         , 52.52769913977769 , 13.325960271110288, AC     ,       22
Berlin_Remise         , 52.52769913977769 , 13.325960271110288, AC     ,       22
Berlin_Remise         , 52.52769913977769 , 13.325960271110288, AC     ,       22
Berlin_Remise         , 52.52769913977769 , 13.325960271110288, AC     ,       22
Berlin_Remise         , 52.52769913977769 , 13.325960271110288, AC     ,       22
Berlin_Remise         , 52.52769913977769 , 13.325960271110288, CCS    ,      150
Berlin_Remise         , 52.52769913977769 , 13.325960271110288, CCS    ,      150
Berlin_Remise         , 52.52769913977769 , 13.325960271110288, CCS    ,      150
Berlin_Remise         , 52.52769913977769 , 13.325960271110288, CHAdeMO,       50
Berlin_Remise         , 52.52769913977769 , 13.325960271110288, CHAdeMO,       50
Berlin_Rosenthaler    , 52.53113802943701 , 13.400165957543464, AC     ,       22
Berlin_Rosenthaler    , 52.53113802943701 , 13.400165957543464, AC     ,       22
Berlin_Rosenthaler    , 52.53113802943701 , 13.400165957543464, AC     ,       22
Berlin_Rosenthaler    , 52.53113802943701 , 13.400165957543464, AC     ,       22
Berlin_Rosenthaler    , 52.53113802943701 , 13.400165957543464, AC     ,       22
Berlin_Rosenthaler    , 52.53113802943701 , 13.400165957543464, AC     ,       22
Berlin_Rosenthaler    , 52.53113802943701 , 13.400165957543464, AC     ,       22
Berlin_Rosenthaler    , 52.53113802943701 , 13.400165957543464, AC     ,       22
Berlin_Rosenthaler    , 52.53113802943701 , 13.400165957543464, AC     ,       22
Berlin_Rosenthaler    , 52.53113802943701 , 13.400165957543464, AC     ,       22
Berlin_Rosenthaler    , 52.53113802943701 , 13.400165957543464, AC     ,       22
Berlin_Rosenthaler    , 52.53113802943701 , 13.400165957543464, AC     ,       22
Berlin_Rosenthaler    , 52.53113802943701 , 13.400165957543464, AC     ,       22
Berlin_Rosenthaler    , 52.53113802943701 , 13.400165957543464, AC     ,       22
Berlin_Rosenthaler    , 52.53113802943701 , 13.400165957543464, AC     ,       22
Berlin_Rosenthaler    , 52.53113802943701 , 13.400165957543464, AC     ,       22
Berlin_Rosenthaler    , 52.53113802943701 , 13.400165957543464, AC     ,       22
Berlin_Rosenthaler    , 52.53113802943701 , 13.400165957543464, AC     ,       22
Berlin_Rosenthaler    , 52.53113802943701 , 13.400165957543464, AC     ,       22
Berlin_Rosenthaler    , 52.53113802943701 , 13.400165957543464, AC     ,       22
Berlin_Rosenthaler    , 52.53113802943701 , 13.400165957543464, AC     ,       22
Berlin_Rosenthaler    , 52.53113802943701 , 13.400165957543464, AC     ,       22
Berlin_Rosenthaler    , 52.53113802943701 , 13.400165957543464, AC     ,       22
Berlin_Rosenthaler    , 52.53113802943701 , 13.400165957543464, CCS    ,      150
Berlin_Rosenthaler    , 52.53113802943701 , 13.400165957543464, CCS    ,      150
Berlin_Rosenthaler    , 52.53113802943701 , 13.400165957543464, CCS    ,      150
Berlin_Rosenthaler    , 52.53113802943701 , 13.400165957543464, CCS    ,      150
Berlin_Rosenthaler    , 52.53113802943701 , 13.400165957543464, CCS    ,      150
Berlin_Rosenthaler    , 52.53113802943701 , 13.400165957543464, CCS    ,      150
Berlin_Rosenthaler    , 52.53113802943701 , 13.400165957543464, CCS    ,      150
Berlin_Rosenthaler    , 52.53113802943701 , 13.400165957543464, CCS    ,      150
Berlin_Rosenthaler    , 52.53113802943701 , 13.400165957543464, CCS    ,      150
Berlin_Rosenthaler    , 52.53113802943701 , 13.400165957543464, CHAdeMO,       50
Berlin_Rosenthaler    , 52.53113802943701 , 13.400165957543464, CHAdeMO,       50
Berlin_Rosenthaler    , 52.53113802943701 , 13.400165957543464, CHAdeMO,       50
Berlin_Rosenthaler    , 52.53113802943701 , 13.400165957543464, CHAdeMO,       50
Berlin_Rosenthaler    , 52.53113802943701 , 13.400165957543464, CHAdeMO,       50
Berlin_Savignyplatz   , 52.50789750018191 , 13.3228269972201  , AC     ,       22
Berlin_Savignyplatz   , 52.50789750018191 , 13.3228269972201  , AC     ,       22
Berlin_Savignyplatz   , 52.50789750018191 , 13.3228269972201  , AC     ,       22
Berlin_Savignyplatz   , 52.50789750018191 , 13.3228269972201  , AC     ,       22
Berlin_Savignyplatz   , 52.50789750018191 , 13.3228269972201  , AC     ,       22
Berlin_Savignyplatz   , 52.50789750018191 , 13.3228269972201  , AC     ,       22
Berlin_Savignyplatz   , 52.50789750018191 , 13.3228269972201  , AC     ,       22
Berlin_Savignyplatz   , 52.50789750018191 , 13.3228269972201  , CCS    ,      150
Berlin_Savignyplatz   , 52.50789750018191 , 13.3228269972201  , CCS    ,      150
Berlin_Savignyplatz   , 52.50789750018191 , 13.3228269972201  , CCS    ,      150
Berlin_Savignyplatz   , 52.50789750018191 , 13.3228269972201  , CHAdeMO,       50
Berlin_Schöneberg     , 52.48133903577095 , 13.34964046496021 , AC     ,       22
Berlin_Schöneberg     , 52.48133903577095 , 13.34964046496021 , AC     ,       22
Berlin_Schöneberg     , 52.48133903577095 , 13.34964046496021 , AC     ,       22
Berlin_Schöneberg     , 52.48133903577095 , 13.34964046496021 , AC     ,       22
Berlin_Schöneberg     , 52.48133903577095 , 13.34964046496021 , AC     ,       22
Berlin_Schöneberg     , 52.48133903577095 , 13.34964046496021 , AC     ,       22
Berlin_Schöneberg     , 52.48133903577095 , 13.34964046496021 , AC     ,       22
Berlin_Schöneberg     , 52.48133903577095 , 13.34964046496021 , AC     ,       22
Berlin_Schöneberg     , 52.48133903577095 , 13.34964046496021 , AC     ,       22
Berlin_Schöneberg     , 52.48133903577095 , 13.34964046496021 , AC     ,       22
Berlin_Schöneberg     , 52.48133903577095 , 13.34964046496021 , AC     ,       22
Berlin_Schöneberg     , 52.48133903577095 , 13.34964046496021 , CCS    ,       50
Berlin_Schöneberg     , 52.48133903577095 , 13.34964046496021 , CCS    ,       50
Berlin_Schöneberg     , 52.48133903577095 , 13.34964046496021 , CCS    ,       50
Berlin_Schöneberg     , 52.48133903577095 , 13.34964046496021 , CCS    ,       50
Berlin_Schöneberg     , 52.48133903577095 , 13.34964046496021 , CHAdeMO,       50
Berlin_Schöneberg     , 52.48133903577095 , 13.34964046496021 , CHAdeMO,       50
Berlin_Sophienkirchhof, 52.56357793030222 , 13.391607160625489, AC     ,       22
Berlin_Sophienkirchhof, 52.56357793030222 , 13.391607160625489, AC     ,       22
Berlin_Sophienkirchhof, 52.56357793030222 , 13.391607160625489, AC     ,       22
Berlin_Sophienkirchhof, 52.56357793030222 , 13.391607160625489, AC     ,       22
Berlin_Sophienkirchhof, 52.56357793030222 , 13.391607160625489, AC     ,       22
Berlin_Sophienkirchhof, 52.56357793030222 , 13.391607160625489, AC     ,       22
Berlin_Sophienkirchhof, 52.56357793030222 , 13.391607160625489, AC     ,       22
Berlin_Sophienkirchhof, 52.56357793030222 , 13.391607160625489, AC     ,       22
Berlin_Sophienkirchhof, 52.56357793030222 , 13.391607160625489, AC     ,       22
Berlin_Sophienkirchhof, 52.56357793030222 , 13.391607160625489, AC     ,       22
Berlin_Sophienkirchhof, 52.56357793030222 , 13.391607160625489, AC     ,       22
Berlin_Sophienkirchhof, 52.56357793030222 , 13.391607160625489, AC     ,       22
Berlin_Sophienkirchhof, 52.56357793030222 , 13.391607160625489, AC     ,       22
Berlin_Sophienkirchhof, 52.56357793030222 , 13.391607160625489, AC     ,       22
Berlin_Sophienkirchhof, 52.56357793030222 , 13.391607160625489, CCS    ,      350
Berlin_Sophienkirchhof, 52.56357793030222 , 13.391607160625489, CCS    ,      350
Berlin_Sophienkirchhof, 52.56357793030222 , 13.391607160625489, CCS    ,      350
Berlin_Sophienkirchhof, 52.56357793030222 , 13.391607160625489, CCS    ,      350
Berlin_Sophienkirchhof, 52.56357793030222 , 13.391607160625489, CCS    ,      350
Berlin_Sophienkirchhof, 52.56357793030222 , 13.391607160625489, CCS    ,      350
Berlin_Sophienkirchhof, 52.56357793030222 , 13.391607160625489, CHAdeMO,       50
Berlin_Sophienkirchhof, 52.56357793030222 , 13.391607160625489, CHAdeMO,       50
Berlin_Sophienkirchhof, 52.56357793030222 , 13.391607160625489, CHAdeMO,       50
Berlin_Spichernstr    , 52.49429898184628 , 13.33097790528587 , AC     ,       11
Berlin_Spichernstr    , 52.49429898184628 , 13.33097790528587 , AC     ,       11
Berlin_Spichernstr    , 52.49429898184628 , 13.33097790528587 , AC     ,       11
Berlin_Spichernstr    , 52.49429898184628 , 13.33097790528587 , AC     ,       11
Berlin_Spichernstr    , 52.49429898184628 , 13.33097790528587 , AC     ,       11
Berlin_Spichernstr    , 52.49429898184628 , 13.33097790528587 , AC     ,       11
Berlin_Spichernstr    , 52.49429898184628 , 13.33097790528587 , AC     ,       11
Berlin_Spichernstr    , 52.49429898184628 , 13.33097790528587 , AC     ,       11
Berlin_Spichernstr    , 52.49429898184628 , 13.33097790528587 , CCS    ,      150
Berlin_Spichernstr    , 52.49429898184628 , 13.33097790528587 , CCS    ,      150
Berlin_Spichernstr    , 52.49429898184628 , 13.33097790528587 , CCS    ,      150
Berlin_Spichernstr    , 52.49429898184628 , 13.33097790528587 , CHAdeMO,       50
Berlin_Spichernstr    , 52.49429898184628 , 13.33097790528587 , CHAdeMO,       50
Berlin_Tempelhof      , 52.48247814981961 , 13.384339364029048, AC     ,       11
Berlin_Tempelhof      , 52.48247814981961 , 13.384339364029048, AC     ,       11
Berlin_Tempelhof      , 52.48247814981961 , 13.384339364029048, AC     ,       11
Berlin_Tempelhof      , 52.48247814981961 , 13.384339364029048, AC     ,       11
Berlin_Tempelhof      , 52.48247814981961 , 13.384339364029048, AC     ,       11
Berlin_Tempelhof      , 52.48247814981961 , 13.384339364029048, AC     ,       11
Berlin_Tempelhof      , 52.48247814981961 , 13.384339364029048, AC     ,       11
Berlin_Tempelhof      , 52.48247814981961 , 13.384339364029048, AC     ,       11
Berlin_Tempelhof      , 52.48247814981961 , 13.384339364029048, AC     ,       11
Berlin_Tempelhof      , 52.48247814981961 , 13.384339364029048, AC     ,       11
Berlin_Tempelhof      , 52.48247814981961 , 13.384339364029048, AC     ,       11
Berlin_Tempelhof      , 52.48247814981961 , 13.384339364029048, AC     ,       11
Berlin_Tempelhof      , 52.48247814981961 , 13.384339364029048, AC     ,       11
Berlin_Tempelhof      , 52.48247814981961 , 13.384339364029048, AC     ,       11
Berlin_Tempelhof      , 52.48247814981961 , 13.384339364029048, AC     ,       11
Berlin_Tempelhof      , 52.48247814981961 , 13.384339364029048, AC     ,       11
Berlin_Tempelhof      , 52.48247814981961 , 13.384339364029048, AC     ,       11
Berlin_Tempelhof      , 52.48247814981961 , 13.384339364029048, AC     ,       11
Berlin_Tempelhof      , 52.48247814981961 , 13.384339364029048, CCS    ,      150
Berlin_Tempelhof      , 52.48247814981961 , 13.384339364029048, CCS    ,      150
Berlin_Tempelhof      , 52.48247814981961 , 13.384339364029048, CCS    ,      150
Berlin_Tempelhof      , 52.48247814981961 , 13.384339364029048, CCS    ,      150
Berlin_Tempelhof      , 52.48247814981961 , 13.384339364029048, CCS    ,      150
Berlin_Tempelhof      , 52.48247814981961 , 13.384339364029048, CCS    ,      150
Berlin_Tempelhof      , 52.48247814981961 , 13.384339364029048, CCS    ,      150
Berlin_Tempelhof      , 52.48247814981961 , 13.384339364029048, CHAdeMO,       50
Berlin_Tempelhof      , 52.48247814981961 , 13.384339364029048, CHAdeMO,       50
Berlin_Tempelhof      , 52.48247814981961 , 13.384339364029048, CHAdeMO,       50
Berlin_Tempelhof      , 52.48247814981961 , 13.384339364029048, CHAdeMO,       50
Berlin_Wolff_Park     , 52.50105016779423 , 13.393063414956329, AC     ,       11
Berlin_Wolff_Park     , 52.50105016779423 , 13.393063414956329, AC     ,       11
Berlin_Wolff_Park     , 52.50105016779423 , 13.393063414956329, AC     ,       11
Berlin_Wolff_Park     , 52.50105016779423 , 13.393063414956329, AC     ,       11
Berlin_Wolff_Park     , 52.50105016779423 , 13.393063414956329, AC     ,       11
Berlin_Wolff_Park     , 52.50105016779423 , 13.393063414956329, AC     ,       11
Berlin_Wolff_Park     , 52.50105016779423 , 13.393063414956329, AC     ,       11
Berlin_Wolff_Park     , 52.50105016779423 , 13.393063414956329, AC     ,       11
Berlin_Wolff_Park     , 52.50105016779423 , 13.393063414956329, AC     ,       11
Berlin_Wolff_Park     , 52.50105016779423 , 13.393063414956329, AC     ,       11
Berlin_Wolff_Park     , 52.50105016779423 , 13.393063414956329, AC     ,       11
Berlin_Wolff_Park     , 52.50105016779423 , 13.393063414956329, AC     ,       11
Berlin_Wolff_Park     , 52.50105016779423 , 13.393063414956329, AC     ,       11
Berlin_Wolff_Park     , 52.50105016779423 , 13.393063414956329, AC     ,       11
Berlin_Wolff_Park     , 52.50105016779423 , 13.393063414956329, AC     ,       11
Berlin_Wolff_Park     , 52.50105016779423 , 13.393063414956329, AC     ,       11
Berlin_Wolff_Park     , 52.50105016779423 , 13.393063414956329, AC     ,       11
Berlin_Wolff_Park     , 52.50105016779423 , 13.393063414956329, AC     ,       11
Berlin_Wolff_Park     , 52.50105016779423 , 13.393063414956329, AC     ,       11
Berlin_Wolff_Park     , 52.50105016779423 , 13.393063414956329, AC     ,       11
Berlin_Wolff_Park     , 52.50105016779423 , 13.393063414956329, AC     ,       11
Berlin_Wolff_Park     , 52.50105016779423 , 13.393063414956329, AC     ,       11
Berlin_Wolff_Park     , 52.50105016779423 , 13.393063414956329, AC     ,       11
Berlin_Wolff_Park     , 52.50105016779423 , 13.393063414956329, CCS    ,      150
Berlin_Wolff_Park     , 52.50105016779423 , 13.393063414956329, CCS    ,      150
Berlin_Wolff_Park     , 52.50105016779423 , 13.393063414956329, CCS    ,      150
Berlin_Wolff_Park     , 52.50105016779423 , 13.393063414956329, CCS    ,      150
Berlin_Wolff_Park     , 52.50105016779423 , 13.393063414956329, CCS    ,      150
Berlin_Wolff_Park     , 52.50105016779423 , 13.393063414956329, CCS    ,      150
Berlin_Wolff_Park     , 52.50105016779423 , 13.393063414956329, CCS    ,      150
Berlin_Wolff_Park     , 52.50105016779423 , 13.393063414956329, CCS    ,      150
Berlin_Wolff_Park     , 52.50105016779423 , 13.393063414956329, CCS    ,      150
Berlin_Wolff_Park     , 52.50105016779423 , 13.393063414956329, CHAdeMO,       50
Berlin_Wolff_Park     , 52.50105016779423 , 13.393063414956329, CHAdeMO,       50
Berlin_Wolff_Park     , 52.50105016779423 , 13.393063414956329, CHAdeMO,       50
Berlin_Wolff_Park     , 52.50105016779423 , 13.393063414956329, CHAdeMO,       50
Berlin_Wolff_Park     , 52.50105016779423 , 13.393063414956329, CHAdeMO,       50
Berlin_hamburger      , 52.55504822500941 , 13.436080765062222, AC     ,       22
Berlin_hamburger      , 52.55504822500941 , 13.436080765062222, AC     ,       22
Berlin_hamburger      , 52.55504822500941 , 13.436080765062222, AC     ,       22
Berlin_hamburger      , 52.55504822500941 , 13.436080765062222, AC     ,       22
Berlin_hamburger      , 52.55504822500941 , 13.436080765062222, AC     ,       22
Berlin_hamburger      , 52.55504822500941 , 13.436080765062222, AC     ,       22
Berlin_hamburger      , 52.55504822500941 , 13.436080765062222, AC     ,       22
Berlin_hamburger      , 52.55504822500941 , 13.436080765062222, AC     ,       22
Berlin_hamburger      , 52.55504822500941 , 13.436080765062222, AC     ,       22
Berlin_hamburger      , 52.55504822500941 , 13.436080765062222, AC     ,       22
Berlin_hamburger      , 52.55504822500941 , 13.436080765062222, CCS    ,       50
Berlin_hamburger      , 52.55504822500941 , 13.436080765062222, CCS    ,       50
Berlin_hamburger      , 52.55504822500941 , 13.436080765062222, CCS    ,       50
Berlin_hamburger      , 52.55504822500941 , 13.436080765062222, CCS    ,       50
Berlin_hamburger      , 52.55504822500941 , 13.436080765062222, CHAdeMO,       50
Berlin_hamburger      , 52.55504822500941 , 13.436080765062222, CHAdeMO,       50
