hub_id,hour,n_sessions,mu_init,sigma_init,mu_target,sigma_target,source
Berlin_Alt_Tempelhof,9,0,0.2817,0.1384,0.9773,0.0649,interpolated
Berlin_Alt_Tempelhof,10,0,0.2817,0.1384,0.9773,0.0649,interpolated
Berlin_Alt_Tempelhof,11,0,0.2817,0.1384,0.9773,0.0649,interpolated
Berlin_Alt_Tempelhof,12,1,0.2817,0.1384,0.9773,0.0649,fallback_hub (n=1)
Berlin_Alt_Tempelhof,13,5,0.2209,0.1739,0.9865,0.0301,empirical
Berlin_Alt_Tempelhof,14,5,0.207,0.078,0.9571,0.0959,empirical
Berlin_Alt_Tempelhof,15,10,0.2486,0.1444,0.9807,0.0315,empirical
Berlin_Alt_Tempelhof,16,19,0.3091,0.1419,0.9744,0.1117,empirical
Berlin_Alt_Tempelhof,17,54,0.322,0.1391,0.9726,0.0567,empirical
Berlin_Alt_Tempelhof,18,45,0.2784,0.1226,0.9729,0.0888,empirical
Berlin_Alt_Tempelhof,19,61,0.2913,0.1317,0.9864,0.0382,empirical
Berlin_Alt_Tempelhof,20,33,0.2419,0.1465,0.9786,0.0496,empirical
Berlin_Alt_Tempelhof,21,3,0.2817,0.1384,0.9773,0.0649,fallback_hub (n=3)
Berlin_Alt_Tempelhof,22,1,0.2817,0.1384,0.9773,0.0649,fallback_hub (n=1)
Berlin_Alt_Tempelhof,23,0,0.2817,0.1384,0.9773,0.0649,interpolated
Berlin_Danzinger,9,0,0.2869,0.1288,0.9795,0.0552,interpolated
Berlin_Danzinger,10,0,0.2869,0.1288,0.9795,0.0552,interpolated
Berlin_Danzinger,11,0,0.2869,0.1288,0.9795,0.0552,interpolated
Berlin_Danzinger,12,1,0.2869,0.1288,0.9795,0.0552,fallback_hub (n=1)
Berlin_Danzinger,13,0,0.2869,0.1288,0.9795,0.0552,interpolated
Berlin_Danzinger,14,0,0.2869,0.1288,0.9795,0.0552,interpolated
Berlin_Danzinger,15,1,0.2869,0.1288,0.9795,0.0552,fallback_hub (n=1)
Berlin_Danzinger,16,2,0.2869,0.1288,0.9795,0.0552,fallback_hub (n=2)
Berlin_Danzinger,17,3,0.2869,0.1288,0.9795,0.0552,fallback_hub (n=3)
Berlin_Danzinger,18,5,0.3422,0.1462,1.0,0.01,empirical
Berlin_Danzinger,19,4,0.2869,0.1288,0.9795,0.0552,fallback_hub (n=4)
Berlin_Danzinger,20,0,0.2869,0.1288,0.9795,0.0552,interpolated
Berlin_Danzinger,21,1,0.2869,0.1288,0.9795,0.0552,fallback_hub (n=1)
Berlin_Danzinger,22,0,0.2869,0.1288,0.9795,0.0552,interpolated
Berlin_Danzinger,23,0,0.2869,0.1288,0.9795,0.0552,interpolated
Berlin_Friedhof,9,0,0.3436,0.1221,0.9743,0.0516,interpolated
Berlin_Friedhof,10,0,0.3436,0.1221,0.9743,0.0516,interpolated
Berlin_Friedhof,11,0,0.3436,0.1221,0.9743,0.0516,interpolated
Berlin_Friedhof,12,0,0.3436,0.1221,0.9743,0.0516,interpolated
Berlin_Friedhof,13,1,0.3436,0.1221,0.9743,0.0516,fallback_hub (n=1)
Berlin_Friedhof,14,0,0.3436,0.1221,0.9743,0.0516,interpolated
Berlin_Friedhof,15,0,0.3436,0.1221,0.9743,0.0516,interpolated
Berlin_Friedhof,16,1,0.3436,0.1221,0.9743,0.0516,fallback_hub (n=1)
Berlin_Friedhof,17,5,0.3434,0.1614,0.9736,0.0591,empirical
Berlin_Friedhof,18,3,0.3436,0.1221,0.9743,0.0516,fallback_hub (n=3)
Berlin_Friedhof,19,6,0.2864,0.085,0.993,0.0172,empirical
Berlin_Friedhof,20,1,0.3436,0.1221,0.9743,0.0516,fallback_hub (n=1)
Berlin_Friedhof,21,0,0.3436,0.1221,0.9743,0.0516,interpolated
Berlin_Friedhof,22,0,0.3436,0.1221,0.9743,0.0516,interpolated
Berlin_Friedhof,23,0,0.3436,0.1221,0.9743,0.0516,interpolated
Berlin_Hansaplatz,9,0,0.2744,0.1083,0.9787,0.0678,interpolated
Berlin_Hansaplatz,10,0,0.2744,0.1083,0.9787,0.0678,interpolated
Berlin_Hansaplatz,11,0,0.2744,0.1083,0.9787,0.0678,interpolated
Berlin_Hansaplatz,12,0,0.2744,0.1083,0.9787,0.0678,interpolated
Berlin_Hansaplatz,13,0,0.2744,0.1083,0.9787,0.0678,interpolated
Berlin_Hansaplatz,14,0,0.2744,0.1083,0.9787,0.0678,interpolated
Berlin_Hansaplatz,15,0,0.2744,0.1083,0.9787,0.0678,interpolated
Berlin_Hansaplatz,16,0,0.2744,0.1083,0.9787,0.0678,interpolated
Berlin_Hansaplatz,17,4,0.2744,0.1083,0.9787,0.0678,fallback_hub (n=4)
Berlin_Hansaplatz,18,9,0.2615,0.1138,0.998,0.01,empirical
Berlin_Hansaplatz,19,7,0.2637,0.1366,0.9792,0.0418,empirical
Berlin_Hansaplatz,20,2,0.2744,0.1083,0.9787,0.0678,fallback_hub (n=2)
Berlin_Hansaplatz,21,0,0.2744,0.1083,0.9787,0.0678,interpolated
Berlin_Hansaplatz,22,0,0.2744,0.1083,0.9787,0.0678,interpolated
Berlin_Hansaplatz,23,0,0.2744,0.1083,0.9787,0.0678,interpolated
Berlin_Heinrich_Heine,9,0,0.3545,0.1854,0.9787,0.0452,interpolated
Berlin_Heinrich_Heine,10,0,0.3545,0.1854,0.9787,0.0452,interpolated
Berlin_Heinrich_Heine,11,0,0.3545,0.1854,0.9787,0.0452,interpolated
Berlin_Heinrich_Heine,12,1,0.3545,0.1854,0.9787,0.0452,fallback_hub (n=1)
Berlin_Heinrich_Heine,13,0,0.3545,0.1854,0.9787,0.0452,interpolated
Berlin_Heinrich_Heine,14,1,0.3545,0.1854,0.9787,0.0452,fallback_hub (n=1)
Berlin_Heinrich_Heine,15,0,0.3545,0.1854,0.9787,0.0452,interpolated
Berlin_Heinrich_Heine,16,3,0.3545,0.1854,0.9787,0.0452,fallback_hub (n=3)
Berlin_Heinrich_Heine,17,7,0.3898,0.1353,0.9641,0.0636,empirical
Berlin_Heinrich_Heine,18,4,0.3545,0.1854,0.9787,0.0452,fallback_hub (n=4)
Berlin_Heinrich_Heine,19,9,0.3473,0.2183,0.9913,0.0261,empirical
Berlin_Heinrich_Heine,20,0,0.3473,0.2183,0.9913,0.0261,interpolated
Berlin_Heinrich_Heine,21,0,0.3473,0.2183,0.9913,0.0261,interpolated
Berlin_Heinrich_Heine,22,0,0.3473,0.2183,0.9913,0.0261,interpolated
Berlin_Heinrich_Heine,23,0,0.3473,0.2183,0.9913,0.0261,interpolated
Berlin_Hospital,9,0,0.2469,0.1088,0.9601,0.0957,interpolated
Berlin_Hospital,10,0,0.2469,0.1088,0.9601,0.0957,interpolated
Berlin_Hospital,11,0,0.2469,0.1088,0.9601,0.0957,interpolated
Berlin_Hospital,12,0,0.2469,0.1088,0.9601,0.0957,interpolated
Berlin_Hospital,13,0,0.2469,0.1088,0.9601,0.0957,interpolated
Berlin_Hospital,14,1,0.2469,0.1088,0.9601,0.0957,fallback_hub (n=1)
Berlin_Hospital,15,4,0.2469,0.1088,0.9601,0.0957,fallback_hub (n=4)
Berlin_Hospital,16,1,0.2469,0.1088,0.9601,0.0957,fallback_hub (n=1)
Berlin_Hospital,17,5,0.254,0.057,0.9538,0.1034,empirical
Berlin_Hospital,18,6,0.3169,0.1182,0.9395,0.1483,empirical
Berlin_Hospital,19,3,0.2469,0.1088,0.9601,0.0957,fallback_hub (n=3)
Berlin_Hospital,20,1,0.2469,0.1088,0.9601,0.0957,fallback_hub (n=1)
Berlin_Hospital,21,0,0.2469,0.1088,0.9601,0.0957,interpolated
Berlin_Hospital,22,0,0.2469,0.1088,0.9601,0.0957,interpolated
Berlin_Hospital,23,0,0.2469,0.1088,0.9601,0.0957,interpolated
Berlin_Humboldthain,9,0,0.2861,0.1021,0.9901,0.0381,interpolated
Berlin_Humboldthain,10,0,0.2861,0.1021,0.9901,0.0381,interpolated
Berlin_Humboldthain,11,0,0.2861,0.1021,0.9901,0.0381,interpolated
Berlin_Humboldthain,12,0,0.2861,0.1021,0.9901,0.0381,interpolated
Berlin_Humboldthain,13,0,0.2861,0.1021,0.9901,0.0381,interpolated
Berlin_Humboldthain,14,1,0.2861,0.1021,0.9901,0.0381,fallback_hub (n=1)
Berlin_Humboldthain,15,0,0.2861,0.1021,0.9901,0.0381,interpolated
Berlin_Humboldthain,16,2,0.2861,0.1021,0.9901,0.0381,fallback_hub (n=2)
Berlin_Humboldthain,17,5,0.3257,0.0541,1.0,0.01,empirical
Berlin_Humboldthain,18,3,0.2861,0.1021,0.9901,0.0381,fallback_hub (n=3)
Berlin_Humboldthain,19,8,0.2664,0.1491,1.0,0.01,empirical
Berlin_Humboldthain,20,2,0.2861,0.1021,0.9901,0.0381,fallback_hub (n=2)
Berlin_Humboldthain,21,1,0.2861,0.1021,0.9901,0.0381,fallback_hub (n=1)
Berlin_Humboldthain,22,0,0.2861,0.1021,0.9901,0.0381,interpolated
Berlin_Humboldthain,23,0,0.2861,0.1021,0.9901,0.0381,interpolated
Berlin_Innenstadt,9,0,0.2456,0.1061,0.9761,0.0677,interpolated
Berlin_Innenstadt,10,0,0.2456,0.1061,0.9761,0.0677,interpolated
Berlin_Innenstadt,11,0,0.2456,0.1061,0.9761,0.0677,interpolated
Berlin_Innenstadt,12,0,0.2456,0.1061,0.9761,0.0677,interpolated
Berlin_Innenstadt,13,0,0.2456,0.1061,0.9761,0.0677,interpolated
Berlin_Innenstadt,14,8,0.2456,0.1061,0.9761,0.0677,empirical
Berlin_Innenstadt,15,13,0.2965,0.1349,0.9429,0.1372,empirical
Berlin_Innenstadt,16,22,0.248,0.1438,0.9713,0.091,empirical
Berlin_Innenstadt,17,51,0.3131,0.1233,0.9797,0.051,empirical
Berlin_Innenstadt,18,82,0.2713,0.1315,0.9718,0.0747,empirical
Berlin_Innenstadt,19,84,0.2747,0.143,0.9802,0.0563,empirical
Berlin_Innenstadt,20,40,0.2581,0.1418,0.9759,0.0846,empirical
Berlin_Innenstadt,21,12,0.2248,0.1403,0.9751,0.0591,empirical
Berlin_Innenstadt,22,0,0.2248,0.1403,0.9751,0.0591,interpolated
Berlin_Innenstadt,23,0,0.2248,0.1403,0.9751,0.0591,interpolated
Berlin_Linden,9,0,0.3785,0.1195,0.9843,0.0364,interpolated
Berlin_Linden,10,0,0.3785,0.1195,0.9843,0.0364,interpolated
Berlin_Linden,11,0,0.3785,0.1195,0.9843,0.0364,interpolated
Berlin_Linden,12,0,0.3785,0.1195,0.9843,0.0364,interpolated
Berlin_Linden,13,1,0.3785,0.1195,0.9843,0.0364,fallback_hub (n=1)
Berlin_Linden,14,0,0.3785,0.1195,0.9843,0.0364,interpolated
Berlin_Linden,15,1,0.3785,0.1195,0.9843,0.0364,fallback_hub (n=1)
Berlin_Linden,16,2,0.3785,0.1195,0.9843,0.0364,fallback_hub (n=2)
Berlin_Linden,17,3,0.3785,0.1195,0.9843,0.0364,fallback_hub (n=3)
Berlin_Linden,18,0,0.3785,0.1195,0.9843,0.0364,interpolated
Berlin_Linden,19,3,0.3785,0.1195,0.9843,0.0364,fallback_hub (n=3)
Berlin_Linden,20,1,0.3785,0.1195,0.9843,0.0364,fallback_hub (n=1)
Berlin_Linden,21,0,0.3785,0.1195,0.9843,0.0364,interpolated
Berlin_Linden,22,0,0.3785,0.1195,0.9843,0.0364,interpolated
Berlin_Linden,23,0,0.3785,0.1195,0.9843,0.0364,interpolated
Berlin_Memhardstr,9,0,0.2953,0.1211,0.9792,0.0577,interpolated
Berlin_Memhardstr,10,0,0.2953,0.1211,0.9792,0.0577,interpolated
Berlin_Memhardstr,11,0,0.2953,0.1211,0.9792,0.0577,interpolated
Berlin_Memhardstr,12,0,0.2953,0.1211,0.9792,0.0577,interpolated
Berlin_Memhardstr,13,1,0.2953,0.1211,0.9792,0.0577,fallback_hub (n=1)
Berlin_Memhardstr,14,0,0.2953,0.1211,0.9792,0.0577,interpolated
Berlin_Memhardstr,15,0,0.2953,0.1211,0.9792,0.0577,interpolated
Berlin_Memhardstr,16,4,0.2953,0.1211,0.9792,0.0577,fallback_hub (n=4)
Berlin_Memhardstr,17,2,0.2953,0.1211,0.9792,0.0577,fallback_hub (n=2)
Berlin_Memhardstr,18,5,0.3205,0.1061,1.0,0.01,empirical
Berlin_Memhardstr,19,2,0.2953,0.1211,0.9792,0.0577,fallback_hub (n=2)
Berlin_Memhardstr,20,3,0.2953,0.1211,0.9792,0.0577,fallback_hub (n=3)
Berlin_Memhardstr,21,2,0.2953,0.1211,0.9792,0.0577,fallback_hub (n=2)
Berlin_Memhardstr,22,0,0.2953,0.1211,0.9792,0.0577,interpolated
Berlin_Memhardstr,23,0,0.2953,0.1211,0.9792,0.0577,interpolated
Berlin_Neukölln,9,0,0.2819,0.1312,0.9792,0.0598,interpolated
Berlin_Neukölln,10,0,0.2819,0.1312,0.9792,0.0598,interpolated
Berlin_Neukölln,11,0,0.2819,0.1312,0.9792,0.0598,interpolated
Berlin_Neukölln,12,2,0.2819,0.1312,0.9792,0.0598,fallback_hub (n=2)
Berlin_Neukölln,13,5,0.2946,0.1045,1.0,0.01,empirical
Berlin_Neukölln,14,11,0.2878,0.1143,0.9936,0.0211,empirical
Berlin_Neukölln,15,8,0.3247,0.1321,0.9916,0.0237,empirical
Berlin_Neukölln,16,22,0.262,0.1194,0.9633,0.0703,empirical
Berlin_Neukölln,17,63,0.3158,0.1242,0.9788,0.0499,empirical
Berlin_Neukölln,18,85,0.2872,0.1327,0.9799,0.0704,empirical
Berlin_Neukölln,19,90,0.2857,0.1417,0.9764,0.0602,empirical
Berlin_Neukölln,20,34,0.2145,0.0921,0.981,0.0659,empirical
Berlin_Neukölln,21,7,0.1488,0.1186,0.9928,0.0191,empirical
Berlin_Neukölln,22,0,0.1488,0.1186,0.9928,0.0191,interpolated
Berlin_Neukölln,23,0,0.1488,0.1186,0.9928,0.0191,interpolated
Berlin_Potsdamer_Platz,9,0,0.2905,0.123,0.9947,0.0166,interpolated
Berlin_Potsdamer_Platz,10,0,0.2905,0.123,0.9947,0.0166,interpolated
Berlin_Potsdamer_Platz,11,0,0.2905,0.123,0.9947,0.0166,interpolated
Berlin_Potsdamer_Platz,12,1,0.2905,0.123,0.9947,0.0166,fallback_hub (n=1)
Berlin_Potsdamer_Platz,13,0,0.2905,0.123,0.9947,0.0166,interpolated
Berlin_Potsdamer_Platz,14,0,0.2905,0.123,0.9947,0.0166,interpolated
Berlin_Potsdamer_Platz,15,2,0.2905,0.123,0.9947,0.0166,fallback_hub (n=2)
Berlin_Potsdamer_Platz,16,2,0.2905,0.123,0.9947,0.0166,fallback_hub (n=2)
Berlin_Potsdamer_Platz,17,1,0.2905,0.123,0.9947,0.0166,fallback_hub (n=1)
Berlin_Potsdamer_Platz,18,2,0.2905,0.123,0.9947,0.0166,fallback_hub (n=2)
Berlin_Potsdamer_Platz,19,2,0.2905,0.123,0.9947,0.0166,fallback_hub (n=2)
Berlin_Potsdamer_Platz,20,0,0.2905,0.123,0.9947,0.0166,interpolated
Berlin_Potsdamer_Platz,21,0,0.2905,0.123,0.9947,0.0166,interpolated
Berlin_Potsdamer_Platz,22,0,0.2905,0.123,0.9947,0.0166,interpolated
Berlin_Potsdamer_Platz,23,0,0.2905,0.123,0.9947,0.0166,interpolated
Berlin_Prenzlauer_Berg,9,0,0.2894,0.1378,0.982,0.0537,interpolated
Berlin_Prenzlauer_Berg,10,0,0.2894,0.1378,0.982,0.0537,interpolated
Berlin_Prenzlauer_Berg,11,0,0.2894,0.1378,0.982,0.0537,interpolated
Berlin_Prenzlauer_Berg,12,0,0.2894,0.1378,0.982,0.0537,interpolated
Berlin_Prenzlauer_Berg,13,2,0.2894,0.1378,0.982,0.0537,fallback_hub (n=2)
Berlin_Prenzlauer_Berg,14,2,0.2894,0.1378,0.982,0.0537,fallback_hub (n=2)
Berlin_Prenzlauer_Berg,15,8,0.3154,0.0874,0.9821,0.0248,empirical
Berlin_Prenzlauer_Berg,16,18,0.3145,0.1172,0.9728,0.0572,empirical
Berlin_Prenzlauer_Berg,17,38,0.295,0.1466,0.9812,0.0582,empirical
Berlin_Prenzlauer_Berg,18,54,0.3046,0.1275,0.9765,0.0715,empirical
Berlin_Prenzlauer_Berg,19,49,0.2764,0.1564,0.9843,0.0401,empirical
Berlin_Prenzlauer_Berg,20,15,0.2465,0.1297,1.0,0.01,empirical
Berlin_Prenzlauer_Berg,21,3,0.2894,0.1378,0.982,0.0537,fallback_hub (n=3)
Berlin_Prenzlauer_Berg,22,1,0.2894,0.1378,0.982,0.0537,fallback_hub (n=1)
Berlin_Prenzlauer_Berg,23,0,0.2894,0.1378,0.982,0.0537,interpolated
Berlin_Rehberge,9,0,0.2924,0.1501,0.9805,0.0554,interpolated
Berlin_Rehberge,10,0,0.2924,0.1501,0.9805,0.0554,interpolated
Berlin_Rehberge,11,0,0.2924,0.1501,0.9805,0.0554,interpolated
Berlin_Rehberge,12,0,0.2924,0.1501,0.9805,0.0554,interpolated
Berlin_Rehberge,13,1,0.2924,0.1501,0.9805,0.0554,fallback_hub (n=1)
Berlin_Rehberge,14,5,0.253,0.066,1.0,0.01,empirical
Berlin_Rehberge,15,11,0.2843,0.1115,0.968,0.0726,empirical
Berlin_Rehberge,16,22,0.3588,0.1461,0.9858,0.0483,empirical
Berlin_Rehberge,17,48,0.3235,0.1381,0.982,0.0453,empirical
Berlin_Rehberge,18,54,0.323,0.1541,0.989,0.0357,empirical
Berlin_Rehberge,19,48,0.2548,0.147,0.9711,0.0574,empirical
Berlin_Rehberge,20,31,0.217,0.1403,0.9699,0.0924,empirical
Berlin_Rehberge,21,8,0.2851,0.2081,0.9986,0.01,empirical
Berlin_Rehberge,22,0,0.2851,0.2081,0.9986,0.01,interpolated
Berlin_Rehberge,23,0,0.2851,0.2081,0.9986,0.01,interpolated
Berlin_Remise,9,0,0.2967,0.1331,0.9836,0.0566,interpolated
Berlin_Remise,10,0,0.2967,0.1331,0.9836,0.0566,interpolated
Berlin_Remise,11,0,0.2967,0.1331,0.9836,0.0566,interpolated
Berlin_Remise,12,0,0.2967,0.1331,0.9836,0.0566,interpolated
Berlin_Remise,13,1,0.2967,0.1331,0.9836,0.0566,fallback_hub (n=1)
Berlin_Remise,14,1,0.2967,0.1331,0.9836,0.0566,fallback_hub (n=1)
Berlin_Remise,15,6,0.3821,0.15,1.0,0.01,empirical
Berlin_Remise,16,14,0.275,0.1096,0.9779,0.0827,empirical
Berlin_Remise,17,24,0.349,0.1469,0.9766,0.0562,empirical
Berlin_Remise,18,34,0.2902,0.1184,0.9916,0.0241,empirical
Berlin_Remise,19,26,0.2612,0.1349,0.975,0.0901,empirical
Berlin_Remise,20,18,0.2799,0.1422,0.9865,0.0299,empirical
Berlin_Remise,21,4,0.2967,0.1331,0.9836,0.0566,fallback_hub (n=4)
Berlin_Remise,22,1,0.2967,0.1331,0.9836,0.0566,fallback_hub (n=1)
Berlin_Remise,23,0,0.2967,0.1331,0.9836,0.0566,interpolated
Berlin_Rosenthaler,9,0,0.2998,0.169,0.9638,0.0825,interpolated
Berlin_Rosenthaler,10,0,0.2998,0.169,0.9638,0.0825,interpolated
Berlin_Rosenthaler,11,0,0.2998,0.169,0.9638,0.0825,interpolated
Berlin_Rosenthaler,12,0,0.2998,0.169,0.9638,0.0825,interpolated
Berlin_Rosenthaler,13,0,0.2998,0.169,0.9638,0.0825,interpolated
Berlin_Rosenthaler,14,0,0.2998,0.169,0.9638,0.0825,interpolated
Berlin_Rosenthaler,15,0,0.2998,0.169,0.9638,0.0825,interpolated
Berlin_Rosenthaler,16,0,0.2998,0.169,0.9638,0.0825,interpolated
Berlin_Rosenthaler,17,1,0.2998,0.169,0.9638,0.0825,fallback_hub (n=1)
Berlin_Rosenthaler,18,1,0.2998,0.169,0.9638,0.0825,fallback_hub (n=1)
Berlin_Rosenthaler,19,4,0.2998,0.169,0.9638,0.0825,fallback_hub (n=4)
Berlin_Rosenthaler,20,3,0.2998,0.169,0.9638,0.0825,fallback_hub (n=3)
Berlin_Rosenthaler,21,0,0.2998,0.169,0.9638,0.0825,interpolated
Berlin_Rosenthaler,22,0,0.2998,0.169,0.9638,0.0825,interpolated
Berlin_Rosenthaler,23,0,0.2998,0.169,0.9638,0.0825,interpolated
Berlin_Savignyplatz,9,1,0.311,0.1367,0.9749,0.0546,fallback_hub (n=1)
Berlin_Savignyplatz,10,0,0.311,0.1367,0.9749,0.0546,interpolated
Berlin_Savignyplatz,11,0,0.311,0.1367,0.9749,0.0546,interpolated
Berlin_Savignyplatz,12,2,0.311,0.1367,0.9749,0.0546,fallback_hub (n=2)
Berlin_Savignyplatz,13,2,0.311,0.1367,0.9749,0.0546,fallback_hub (n=2)
Berlin_Savignyplatz,14,5,0.4016,0.1253,0.9705,0.066,empirical
Berlin_Savignyplatz,15,1,0.311,0.1367,0.9749,0.0546,fallback_hub (n=1)
Berlin_Savignyplatz,16,8,0.2978,0.1862,0.969,0.0822,empirical
Berlin_Savignyplatz,17,17,0.3259,0.1085,0.9736,0.052,empirical
Berlin_Savignyplatz,18,35,0.3262,0.1211,0.976,0.0546,empirical
Berlin_Savignyplatz,19,32,0.2929,0.1512,0.9844,0.0386,empirical
Berlin_Savignyplatz,20,12,0.2872,0.1763,0.9553,0.0774,empirical
Berlin_Savignyplatz,21,1,0.311,0.1367,0.9749,0.0546,fallback_hub (n=1)
Berlin_Savignyplatz,22,0,0.311,0.1367,0.9749,0.0546,interpolated
Berlin_Savignyplatz,23,0,0.311,0.1367,0.9749,0.0546,interpolated
Berlin_Schöneberg,9,0,0.2883,0.1442,0.9814,0.0642,interpolated
Berlin_Schöneberg,10,0,0.2883,0.1442,0.9814,0.0642,interpolated
Berlin_Schöneberg,11,0,0.2883,0.1442,0.9814,0.0642,interpolated
Berlin_Schöneberg,12,2,0.2883,0.1442,0.9814,0.0642,fallback_hub (n=2)
Berlin_Schöneberg,13,3,0.2883,0.1442,0.9814,0.0642,fallback_hub (n=3)
Berlin_Schöneberg,14,6,0.3785,0.1589,0.9799,0.0335,empirical
Berlin_Schöneberg,15,9,0.2738,0.1248,0.9627,0.0917,empirical
Berlin_Schöneberg,16,29,0.3803,0.1512,0.9722,0.0819,empirical
Berlin_Schöneberg,17,53,0.3028,0.152,0.983,0.0719,empirical
Berlin_Schöneberg,18,53,0.2604,0.1219,0.9872,0.062,empirical
Berlin_Schöneberg,19,44,0.2593,0.1435,0.9902,0.0349,empirical
Berlin_Schöneberg,20,23,0.2784,0.1273,0.9919,0.0291,empirical
Berlin_Schöneberg,21,3,0.2883,0.1442,0.9814,0.0642,fallback_hub (n=3)
Berlin_Schöneberg,22,0,0.2883,0.1442,0.9814,0.0642,interpolated
Berlin_Schöneberg,23,0,0.2883,0.1442,0.9814,0.0642,interpolated
Berlin_Sophienkirchhof,9,0,0.2795,0.1451,0.9786,0.0536,interpolated
Berlin_Sophienkirchhof,10,0,0.2795,0.1451,0.9786,0.0536,interpolated
Berlin_Sophienkirchhof,11,0,0.2795,0.1451,0.9786,0.0536,interpolated
Berlin_Sophienkirchhof,12,1,0.2795,0.1451,0.9786,0.0536,fallback_hub (n=1)
Berlin_Sophienkirchhof,13,0,0.2795,0.1451,0.9786,0.0536,interpolated
Berlin_Sophienkirchhof,14,1,0.2795,0.1451,0.9786,0.0536,fallback_hub (n=1)
Berlin_Sophienkirchhof,15,5,0.2981,0.0929,1.0,0.01,empirical
Berlin_Sophienkirchhof,16,9,0.2056,0.1031,0.9514,0.0766,empirical
Berlin_Sophienkirchhof,17,14,0.3157,0.1439,0.99,0.0261,empirical
Berlin_Sophienkirchhof,18,36,0.2997,0.1584,0.9752,0.0608,empirical
Berlin_Sophienkirchhof,19,24,0.2792,0.1385,0.9652,0.0652,empirical
Berlin_Sophienkirchhof,20,16,0.2416,0.1598,1.0,0.01,empirical
Berlin_Sophienkirchhof,21,2,0.2795,0.1451,0.9786,0.0536,fallback_hub (n=2)
Berlin_Sophienkirchhof,22,0,0.2795,0.1451,0.9786,0.0536,interpolated
Berlin_Sophienkirchhof,23,0,0.2795,0.1451,0.9786,0.0536,interpolated
Berlin_Spichernstr,9,0,0.2665,0.1334,0.9798,0.0561,interpolated
Berlin_Spichernstr,10,0,0.2665,0.1334,0.9798,0.0561,interpolated
Berlin_Spichernstr,11,0,0.2665,0.1334,0.9798,0.0561,interpolated
Berlin_Spichernstr,12,2,0.2665,0.1334,0.9798,0.0561,fallback_hub (n=2)
Berlin_Spichernstr,13,4,0.2665,0.1334,0.9798,0.0561,fallback_hub (n=4)
Berlin_Spichernstr,14,2,0.2665,0.1334,0.9798,0.0561,fallback_hub (n=2)
Berlin_Spichernstr,15,8,0.3177,0.1481,0.99,0.0198,empirical
Berlin_Spichernstr,16,12,0.3002,0.1189,0.9584,0.1003,empirical
Berlin_Spichernstr,17,34,0.2803,0.1377,0.9668,0.0803,empirical
Berlin_Spichernstr,18,57,0.2522,0.1191,0.9856,0.033,empirical
Berlin_Spichernstr,19,34,0.2731,0.1523,0.9911,0.0243,empirical
Berlin_Spichernstr,20,14,0.2405,0.1192,0.9596,0.0899,empirical
Berlin_Spichernstr,21,5,0.164,0.0688,1.0,0.01,empirical
Berlin_Spichernstr,22,1,0.2665,0.1334,0.9798,0.0561,fallback_hub (n=1)
Berlin_Spichernstr,23,0,0.2665,0.1334,0.9798,0.0561,interpolated
Berlin_Tempelhof,9,0,0.252,0.1471,1.0,0.01,interpolated
Berlin_Tempelhof,10,0,0.252,0.1471,1.0,0.01,interpolated
Berlin_Tempelhof,11,0,0.252,0.1471,1.0,0.01,interpolated
Berlin_Tempelhof,12,0,0.252,0.1471,1.0,0.01,interpolated
Berlin_Tempelhof,13,0,0.252,0.1471,1.0,0.01,interpolated
Berlin_Tempelhof,14,0,0.252,0.1471,1.0,0.01,interpolated
Berlin_Tempelhof,15,2,0.252,0.1471,1.0,0.01,fallback_hub (n=2)
Berlin_Tempelhof,16,0,0.252,0.1471,1.0,0.01,interpolated
Berlin_Tempelhof,17,4,0.252,0.1471,1.0,0.01,fallback_hub (n=4)
Berlin_Tempelhof,18,5,0.2033,0.1044,1.0,0.01,empirical
Berlin_Tempelhof,19,4,0.252,0.1471,1.0,0.01,fallback_hub (n=4)
Berlin_Tempelhof,20,0,0.252,0.1471,1.0,0.01,interpolated
Berlin_Tempelhof,21,0,0.252,0.1471,1.0,0.01,interpolated
Berlin_Tempelhof,22,0,0.252,0.1471,1.0,0.01,interpolated
Berlin_Tempelhof,23,0,0.252,0.1471,1.0,0.01,interpolated
Berlin_Wolff_Park,9,0,0.2951,0.1528,0.9779,0.0787,interpolated
Berlin_Wolff_Park,10,0,0.2951,0.1528,0.9779,0.0787,interpolated
Berlin_Wolff_Park,11,0,0.2951,0.1528,0.9779,0.0787,interpolated
Berlin_Wolff_Park,12,0,0.2951,0.1528,0.9779,0.0787,interpolated
Berlin_Wolff_Park,13,0,0.2951,0.1528,0.9779,0.0787,interpolated
Berlin_Wolff_Park,14,1,0.2951,0.1528,0.9779,0.0787,fallback_hub (n=1)
Berlin_Wolff_Park,15,1,0.2951,0.1528,0.9779,0.0787,fallback_hub (n=1)
Berlin_Wolff_Park,16,0,0.2951,0.1528,0.9779,0.0787,interpolated
Berlin_Wolff_Park,17,4,0.2951,0.1528,0.9779,0.0787,fallback_hub (n=4)
Berlin_Wolff_Park,18,7,0.4081,0.1453,0.9944,0.0107,empirical
Berlin_Wolff_Park,19,4,0.2951,0.1528,0.9779,0.0787,fallback_hub (n=4)
Berlin_Wolff_Park,20,3,0.2951,0.1528,0.9779,0.0787,fallback_hub (n=3)
Berlin_Wolff_Park,21,0,0.2951,0.1528,0.9779,0.0787,interpolated
Berlin_Wolff_Park,22,0,0.2951,0.1528,0.9779,0.0787,interpolated
Berlin_Wolff_Park,23,0,0.2951,0.1528,0.9779,0.0787,interpolated
Berlin_hamburger,9,0,0.2917,0.1437,0.9812,0.0702,interpolated
Berlin_hamburger,10,0,0.2917,0.1437,0.9812,0.0702,interpolated
Berlin_hamburger,11,0,0.2917,0.1437,0.9812,0.0702,interpolated
Berlin_hamburger,12,0,0.2917,0.1437,0.9812,0.0702,interpolated
Berlin_hamburger,13,1,0.2917,0.1437,0.9812,0.0702,fallback_hub (n=1)
Berlin_hamburger,14,2,0.2917,0.1437,0.9812,0.0702,fallback_hub (n=2)
Berlin_hamburger,15,3,0.2917,0.1437,0.9812,0.0702,fallback_hub (n=3)
Berlin_hamburger,16,18,0.285,0.1458,0.9899,0.0315,empirical
Berlin_hamburger,17,29,0.3098,0.1596,0.9947,0.0185,empirical
Berlin_hamburger,18,28,0.3191,0.1652,0.9671,0.1016,empirical
Berlin_hamburger,19,37,0.2648,0.1249,0.9755,0.0928,empirical
Berlin_hamburger,20,22,0.2938,0.1467,0.984,0.0434,empirical
Berlin_hamburger,21,4,0.2917,0.1437,0.9812,0.0702,fallback_hub (n=4)
Berlin_hamburger,22,0,0.2917,0.1437,0.9812,0.0702,interpolated
Berlin_hamburger,23,0,0.2917,0.1437,0.9812,0.0702,interpolated
